"","Tax_Year","Total_Income","AGI","Total_Tax","Total_Tax_Rate","Net_Income","Federal_Tax","CA_Tax","Total_Contractor_Income","Total_W2_Income","Total_Contractor_SS_Tax","Total_Contractor_ME_Tax","Total_W2_SS_Tax","Total_W2_ME_Tax","Status","Hourly","Hours","Income_Type","ME_Tax","SS_Tax"
"1",2018,4800,3501,679,0.141458333333333,4121,0,0,4800,0,550,129,0,0,"MFJ","10","40","1099",129,550
"2",2018,4800,4800,368,0.0766666666666667,4432,0,0,0,4800,0,0,298,70,"MFJ","10","40","W2",70,298
"3",2018,7200,5251,1018,0.141388888888889,6182,0,0,7200,0,825,193,0,0,"MFJ","10","60","1099",193,825
"4",2018,7200,7200,550,0.0763888888888889,6650,0,0,0,7200,0,0,446,104,"MFJ","10","60","W2",104,446
"5",2018,9600,7002,1356,0.14125,8244,0,0,9600,0,1099,257,0,0,"MFJ","10","80","1099",257,1099
"6",2018,9600,9600,734,0.0764583333333333,8866,0,0,0,9600,0,0,595,139,"MFJ","10","80","W2",139,595
"7",2018,9600,7002,1356,0.14125,8244,0,0,9600,0,1099,257,0,0,"MFJ","20","40","1099",257,1099
"8",2018,9600,9600,734,0.0764583333333333,8866,0,0,0,9600,0,0,595,139,"MFJ","20","40","W2",139,595
"9",2018,12000,8752,1695,0.14125,10305,0,0,12000,0,1374,321,0,0,"MFJ","10","100","1099",321,1374
"10",2018,12000,12000,918,0.0765,11082,0,0,0,12000,0,0,744,174,"MFJ","10","100","W2",174,744
"11",2018,14400,10503,2035,0.141319444444444,12365,0,0,14400,0,1649,386,0,0,"MFJ","10","120","1099",386,1649
"12",2018,14400,14400,1102,0.0765277777777778,13298,0,0,0,14400,0,0,893,209,"MFJ","10","120","W2",209,893
"13",2018,14400,10503,2035,0.141319444444444,12365,0,0,14400,0,1649,386,0,0,"MFJ","20","60","1099",386,1649
"14",2018,14400,14400,1102,0.0765277777777778,13298,0,0,0,14400,0,0,893,209,"MFJ","20","60","W2",209,893
"15",2018,14400,10503,2035,0.141319444444444,12365,0,0,14400,0,1649,386,0,0,"MFJ","30","40","1099",386,1649
"16",2018,14400,14400,1102,0.0765277777777778,13298,0,0,0,14400,0,0,893,209,"MFJ","30","40","W2",209,893
"17",2018,16800,12253,2374,0.141309523809524,14426,0,0,16800,0,1924,450,0,0,"MFJ","10","140","1099",450,1924
"18",2018,16800,16800,1286,0.076547619047619,15514,0,0,0,16800,0,0,1042,244,"MFJ","10","140","W2",244,1042
"19",2018,19200,14004,2713,0.141302083333333,16487,0,0,19200,0,2199,514,0,0,"MFJ","10","160","1099",514,2199
"20",2018,19200,19200,1468,0.0764583333333333,17732,0,0,0,19200,0,0,1190,278,"MFJ","10","160","W2",278,1190
"21",2018,19200,14004,2713,0.141302083333333,16487,0,0,19200,0,2199,514,0,0,"MFJ","20","80","1099",514,2199
"22",2018,19200,19200,1468,0.0764583333333333,17732,0,0,0,19200,0,0,1190,278,"MFJ","20","80","W2",278,1190
"23",2018,19200,14004,2713,0.141302083333333,16487,0,0,19200,0,2199,514,0,0,"MFJ","40","40","1099",514,2199
"24",2018,19200,19200,1468,0.0764583333333333,17732,0,0,0,19200,0,0,1190,278,"MFJ","40","40","W2",278,1190
"25",2018,21600,15754,3052,0.141296296296296,18548,0,0,21600,0,2474,578,0,0,"MFJ","30","60","1099",578,2474
"26",2018,21600,21600,1677,0.0776388888888889,19923,0,25,0,21600,0,0,1339,313,"MFJ","30","60","W2",313,1339
"27",2018,24000,17504,3391,0.141291666666667,20609,0,0,24000,0,2748,643,0,0,"MFJ","20","100","1099",643,2748
"28",2018,24000,24000,1909,0.0795416666666667,22091,0,73,0,24000,0,0,1488,348,"MFJ","20","100","W2",348,1488
"29",2018,24000,17504,3391,0.141291666666667,20609,0,0,24000,0,2748,643,0,0,"MFJ","50","40","1099",643,2748
"30",2018,24000,24000,1909,0.0795416666666667,22091,0,73,0,24000,0,0,1488,348,"MFJ","50","40","W2",348,1488
"31",2018,28800,21005,4082,0.141736111111111,24718,0,13,28800,0,3298,771,0,0,"MFJ","20","120","1099",771,3298
"32",2018,28800,28800,2853,0.0990625,25947,480,169,0,28800,0,0,1786,418,"MFJ","20","120","W2",418,1786
"33",2018,28800,21005,4082,0.141736111111111,24718,0,13,28800,0,3298,771,0,0,"MFJ","30","80","1099",771,3298
"34",2018,28800,28800,2853,0.0990625,25947,480,169,0,28800,0,0,1786,418,"MFJ","30","80","W2",418,1786
"35",2018,28800,21005,4082,0.141736111111111,24718,0,13,28800,0,3298,771,0,0,"MFJ","40","60","1099",771,3298
"36",2018,28800,28800,2853,0.0990625,25947,480,169,0,28800,0,0,1786,418,"MFJ","40","60","W2",418,1786
"37",2018,28800,21005,4082,0.141736111111111,24718,0,13,28800,0,3298,771,0,0,"MFJ","60","40","1099",771,3298
"38",2018,28800,28800,2853,0.0990625,25947,480,169,0,28800,0,0,1786,418,"MFJ","60","40","W2",418,1786
"39",2018,32400,23631,4644,0.143333333333333,27756,0,66,32400,0,3710,868,0,0,"MFJ","30","90","1099",868,3710
"40",2018,32400,32400,3560,0.109876543209877,28840,840,241,0,32400,0,0,2009,470,"MFJ","30","90","W2",470,2009
"41",2018,33600,24506,4882,0.145297619047619,28718,51,83,33600,0,3848,900,0,0,"MFJ","20","140","1099",900,3848
"42",2018,33600,33600,3795,0.112946428571429,29805,960,265,0,33600,0,0,2083,487,"MFJ","20","140","W2",487,2083
"43",2018,33600,24506,4882,0.145297619047619,28718,51,83,33600,0,3848,900,0,0,"MFJ","70","40","1099",900,3848
"44",2018,33600,33600,3795,0.112946428571429,29805,960,265,0,33600,0,0,2083,487,"MFJ","70","40","W2",487,2083
"45",2018,36000,26257,5431,0.150861111111111,30569,226,118,36000,0,4123,964,0,0,"MFJ","30","100","1099",964,4123
"46",2018,36000,36000,4267,0.118527777777778,31733,1200,313,0,36000,0,0,2232,522,"MFJ","30","100","W2",522,2232
"47",2018,36000,26257,5431,0.150861111111111,30569,226,118,36000,0,4123,964,0,0,"MFJ","50","60","1099",964,4123
"48",2018,36000,36000,4267,0.118527777777778,31733,1200,313,0,36000,0,0,2232,522,"MFJ","50","60","W2",522,2232
"49",2018,38400,28007,5979,0.155703125,32421,401,153,38400,0,4397,1028,0,0,"MFJ","20","160","1099",1028,4397
"50",2018,38400,38400,4739,0.123411458333333,33661,1440,361,0,38400,0,0,2381,557,"MFJ","20","160","W2",557,2381
"51",2018,38400,28007,5979,0.155703125,32421,401,153,38400,0,4397,1028,0,0,"MFJ","40","80","1099",1028,4397
"52",2018,38400,38400,4739,0.123411458333333,33661,1440,361,0,38400,0,0,2381,557,"MFJ","40","80","W2",557,2381
"53",2018,38400,28007,5979,0.155703125,32421,401,153,38400,0,4397,1028,0,0,"MFJ","80","40","1099",1028,4397
"54",2018,38400,38400,4739,0.123411458333333,33661,1440,361,0,38400,0,0,2381,557,"MFJ","80","40","W2",557,2381
"55",2018,39600,28882,6255,0.157954545454545,33345,488,171,39600,0,4535,1061,0,0,"MFJ","30","110","1099",1061,4535
"56",2018,39600,39600,4974,0.125606060606061,34626,1560,385,0,39600,0,0,2455,574,"MFJ","30","110","W2",574,2455
"57",2018,43200,31508,7078,0.163842592592593,36122,751,223,43200,0,4947,1157,0,0,"MFJ","30","120","1099",1157,4947
"58",2018,43200,43200,5738,0.132824074074074,37462,1923,511,0,43200,0,0,2678,626,"MFJ","30","120","W2",626,2678
"59",2018,43200,31508,7078,0.163842592592593,36122,751,223,43200,0,4947,1157,0,0,"MFJ","60","60","1099",1157,4947
"60",2018,43200,43200,5738,0.132824074074074,37462,1923,511,0,43200,0,0,2678,626,"MFJ","60","60","W2",626,2678
"61",2018,46800,34134,7901,0.168824786324786,38899,1013,276,46800,0,5359,1253,0,0,"MFJ","30","130","1099",1253,5359
"62",2018,46800,46800,6591,0.140833333333333,40209,2355,655,0,46800,0,0,2902,679,"MFJ","30","130","W2",679,2902
"63",2018,48000,35009,8177,0.170354166666667,39823,1101,293,48000,0,5497,1286,0,0,"MFJ","40","100","1099",1286,5497
"64",2018,48000,48000,6874,0.143208333333333,41126,2499,703,0,48000,0,0,2976,696,"MFJ","40","100","W2",696,2976
"65",2018,48000,35009,8177,0.170354166666667,39823,1101,293,48000,0,5497,1286,0,0,"MFJ","50","80","1099",1286,5497
"66",2018,48000,48000,6874,0.143208333333333,41126,2499,703,0,48000,0,0,2976,696,"MFJ","50","80","W2",696,2976
"67",2018,50400,36759,8726,0.173134920634921,41674,1276,328,50400,0,5772,1350,0,0,"MFJ","30","140","1099",1350,5772
"68",2018,50400,50400,7442,0.14765873015873,42958,2787,799,0,50400,0,0,3125,731,"MFJ","30","140","W2",731,3125
"69",2018,50400,36759,8726,0.173134920634921,41674,1276,328,50400,0,5772,1350,0,0,"MFJ","70","60","1099",1350,5772
"70",2018,50400,50400,7442,0.14765873015873,42958,2787,799,0,50400,0,0,3125,731,"MFJ","70","60","W2",731,3125
"71",2018,54000,39385,9550,0.176851851851852,44450,1539,381,54000,0,6184,1446,0,0,"MFJ","30","150","1099",1446,6184
"72",2018,54000,54000,8293,0.153574074074074,45707,3219,943,0,54000,0,0,3348,783,"MFJ","30","150","W2",783,3348
"73",2018,54000,39385,9550,0.176851851851852,44450,1539,381,54000,0,6184,1446,0,0,"MFJ","50","90","1099",1446,6184
"74",2018,54000,54000,8293,0.153574074074074,45707,3219,943,0,54000,0,0,3348,783,"MFJ","50","90","W2",783,3348
"75",2018,57600,42011,10403,0.180607638888889,47197,1801,463,57600,0,6596,1543,0,0,"MFJ","30","160","1099",1543,6596
"76",2018,57600,57600,9144,0.15875,48456,3651,1087,0,57600,0,0,3571,835,"MFJ","30","160","W2",835,3571
"77",2018,57600,42011,10403,0.180607638888889,47197,1801,463,57600,0,6596,1543,0,0,"MFJ","40","120","1099",1543,6596
"78",2018,57600,57600,9144,0.15875,48456,3651,1087,0,57600,0,0,3571,835,"MFJ","40","120","W2",835,3571
"79",2018,57600,42011,10403,0.180607638888889,47197,1801,463,57600,0,6596,1543,0,0,"MFJ","60","80","1099",1543,6596
"80",2018,57600,57600,9144,0.15875,48456,3651,1087,0,57600,0,0,3571,835,"MFJ","60","80","W2",835,3571
"81",2018,57600,42011,10403,0.180607638888889,47197,1801,463,57600,0,6596,1543,0,0,"MFJ","80","60","1099",1543,6596
"82",2018,57600,57600,9144,0.15875,48456,3651,1087,0,57600,0,0,3571,835,"MFJ","80","60","W2",835,3571
"83",2018,60000,43761,11001,0.18335,48999,1990,533,60000,0,6871,1607,0,0,"MFJ","50","100","1099",1607,6871
"84",2018,60000,60000,9712,0.161866666666667,50288,3939,1183,0,60000,0,0,3720,870,"MFJ","50","100","W2",870,3720
"85",2018,66000,48137,12549,0.190136363636364,53451,2515,708,66000,0,7558,1768,0,0,"MFJ","50","110","1099",1768,7558
"86",2018,66000,66000,11172,0.169272727272727,54828,4659,1464,0,66000,0,0,4092,957,"MFJ","50","110","W2",957,4092
"87",2018,67200,49012,12858,0.191339285714286,54342,2620,743,67200,0,7695,1800,0,0,"MFJ","40","140","1099",1800,7695
"88",2018,67200,67200,11479,0.170818452380952,55721,4803,1536,0,67200,0,0,4166,974,"MFJ","40","140","W2",974,4166
"89",2018,67200,49012,12858,0.191339285714286,54342,2620,743,67200,0,7695,1800,0,0,"MFJ","70","80","1099",1800,7695
"90",2018,67200,67200,11479,0.170818452380952,55721,4803,1536,0,67200,0,0,4166,974,"MFJ","70","80","W2",974,4166
"91",2018,72000,52513,14097,0.195791666666667,57903,3041,883,72000,0,8245,1928,0,0,"MFJ","50","120","1099",1928,8245
"92",2018,72000,72000,12711,0.176541666666667,59289,5379,1824,0,72000,0,0,4464,1044,"MFJ","50","120","W2",1044,4464
"93",2018,72000,52513,14097,0.195791666666667,57903,3041,883,72000,0,8245,1928,0,0,"MFJ","60","100","1099",1928,8245
"94",2018,72000,72000,12711,0.176541666666667,59289,5379,1824,0,72000,0,0,4464,1044,"MFJ","60","100","W2",1044,4464
"95",2018,75600,55139,15026,0.198756613756614,60574,3356,988,75600,0,8657,2025,0,0,"MFJ","70","90","1099",2025,8657
"96",2018,75600,75600,13634,0.180343915343915,61966,5811,2040,0,75600,0,0,4687,1096,"MFJ","70","90","W2",1096,4687
"97",2018,76800,56014,15336,0.1996875,61464,3461,1023,76800,0,8795,2057,0,0,"MFJ","40","160","1099",2057,8795
"98",2018,76800,76800,13943,0.181549479166667,62857,5955,2112,0,76800,0,0,4762,1114,"MFJ","40","160","W2",1114,4762
"99",2018,76800,56014,15336,0.1996875,61464,3461,1023,76800,0,8795,2057,0,0,"MFJ","80","80","1099",2057,8795
"100",2018,76800,76800,13943,0.181549479166667,62857,5955,2112,0,76800,0,0,4762,1114,"MFJ","80","80","W2",1114,4762
"101",2018,78000,56889,15645,0.200576923076923,62355,3566,1058,78000,0,8932,2089,0,0,"MFJ","50","130","1099",2089,8932
"102",2018,78000,78000,14250,0.182692307692308,63750,6099,2184,0,78000,0,0,4836,1131,"MFJ","50","130","W2",1131,4836
"103",2018,84000,61266,17194,0.204690476190476,66806,4091,1234,84000,0,9619,2250,0,0,"MFJ","50","140","1099",2250,9619
"104",2018,84000,84000,15789,0.187964285714286,68211,6819,2544,0,84000,0,0,5208,1218,"MFJ","50","140","W2",1218,5208
"105",2018,84000,61266,17194,0.204690476190476,66806,4091,1234,84000,0,9619,2250,0,0,"MFJ","70","100","1099",2250,9619
"106",2018,84000,84000,15789,0.187964285714286,68211,6819,2544,0,84000,0,0,5208,1218,"MFJ","70","100","W2",1218,5208
"107",2018,86400,63016,17813,0.206168981481481,68587,4301,1304,86400,0,9894,2314,0,0,"MFJ","60","120","1099",2314,9894
"108",2018,86400,86400,16405,0.189872685185185,69995,7107,2688,0,86400,0,0,5357,1253,"MFJ","60","120","W2",1253,5357
"109",2018,90000,65642,18775,0.208611111111111,71225,4616,1443,90000,0,10306,2410,0,0,"MFJ","50","150","1099",2410,10306
"110",2018,90000,90000,17353,0.192811111111111,72647,7539,2929,0,90000,0,0,5580,1305,"MFJ","50","150","W2",1305,5580
"111",2018,92400,67392,19430,0.210281385281385,72970,4826,1548,92400,0,10581,2475,0,0,"MFJ","70","110","1099",2475,10581
"112",2018,92400,92400,18017,0.194989177489177,74383,7827,3121,0,92400,0,0,5729,1340,"MFJ","70","110","W2",1340,5729
"113",2018,96000,70018,20410,0.212604166666667,75590,5141,1705,96000,0,10993,2571,0,0,"MFJ","50","160","1099",2571,10993
"114",2018,96000,96000,19012,0.198041666666667,76988,8259,3409,0,96000,0,0,5952,1392,"MFJ","50","160","W2",1392,5952
"115",2018,96000,70018,20410,0.212604166666667,75590,5141,1705,96000,0,10993,2571,0,0,"MFJ","80","100","1099",2571,10993
"116",2018,96000,96000,19012,0.198041666666667,76988,8259,3409,0,96000,0,0,5952,1392,"MFJ","80","100","W2",1392,5952
"117",2018,100800,73519,21719,0.21546626984127,79081,5561,1915,100800,0,11543,2700,0,0,"MFJ","60","140","1099",2700,11543
"118",2018,100800,100800,20340,0.201785714285714,80460,8835,3793,0,100800,0,0,6250,1462,"MFJ","60","140","W2",1462,6250
"119",2018,100800,73519,21719,0.21546626984127,79081,5561,1915,100800,0,11543,2700,0,0,"MFJ","70","120","1099",2700,11543
"120",2018,100800,100800,20340,0.201785714285714,80460,8835,3793,0,100800,0,0,6250,1462,"MFJ","70","120","W2",1462,6250
"121",2018,109200,79645,24009,0.219862637362637,85191,6296,2283,109200,0,12505,2925,0,0,"MFJ","70","130","1099",2925,12505
"122",2018,109200,109200,23441,0.214661172161172,85759,10623,4465,0,109200,0,0,6770,1583,"MFJ","70","130","W2",1583,6770
"123",2018,115200,84021,25644,0.222604166666667,89556,6822,2545,115200,0,13192,3085,0,0,"MFJ","60","160","1099",3085,13192
"124",2018,115200,115200,25739,0.223428819444444,89461,11943,4984,0,115200,0,0,7142,1670,"MFJ","60","160","W2",1670,7142
"125",2018,115200,84021,25644,0.222604166666667,89556,6822,2545,115200,0,13192,3085,0,0,"MFJ","80","120","1099",3085,13192
"126",2018,115200,115200,25739,0.223428819444444,89461,11943,4984,0,115200,0,0,7142,1670,"MFJ","80","120","W2",1670,7142
"127",2018,117600,85772,26299,0.223630952380952,91301,7032,2650,117600,0,13467,3150,0,0,"MFJ","70","140","1099",3150,13467
"128",2018,117600,117600,26675,0.226828231292517,90925,12471,5208,0,117600,0,0,7291,1705,"MFJ","70","140","W2",1705,7291
"129",2018,126000,91898,28651,0.227388888888889,97349,7767,3081,126000,0,14429,3374,0,0,"MFJ","70","150","1099",3374,14429
"130",2018,126000,126000,29947,0.237674603174603,96053,14319,5989,0,126000,0,0,7812,1827,"MFJ","70","150","W2",1827,7812
"131",2018,134400,98025,31063,0.231123511904762,103337,8502,3571,134400,0,15391,3599,0,0,"MFJ","70","160","1099",3599,15391
"132",2018,134400,134400,33219,0.247165178571429,101181,16167,6770,0,134400,0,0,8333,1949,"MFJ","70","160","W2",1949,8333
"133",2018,134400,98025,31063,0.231123511904762,103337,8502,3571,134400,0,15391,3599,0,0,"MFJ","80","140","1099",3599,15391
"134",2018,134400,134400,33219,0.247165178571429,101181,16167,6770,0,134400,0,0,8333,1949,"MFJ","80","140","W2",1949,8333
"135",2018,153600,112029,37639,0.245045572916667,115961,11245,4691,153600,0,17589,4114,0,0,"MFJ","80","160","1099",4114,17589
"136",2018,153600,153600,40697,0.264954427083333,112903,20391,8556,0,153600,0,0,9523,2227,"MFJ","80","160","W2",2227,9523
"137",2018,4800,3501,679,0.141458333333333,4121,0,0,4800,0,550,129,0,0,"MFS","10","40","1099",129,550
"138",2018,4800,4800,368,0.0766666666666667,4432,0,0,0,4800,0,0,298,70,"MFS","10","40","W2",70,298
"139",2018,7200,5251,1018,0.141388888888889,6182,0,0,7200,0,825,193,0,0,"MFS","10","60","1099",193,825
"140",2018,7200,7200,550,0.0763888888888889,6650,0,0,0,7200,0,0,446,104,"MFS","10","60","W2",104,446
"141",2018,9600,7002,1356,0.14125,8244,0,0,9600,0,1099,257,0,0,"MFS","10","80","1099",257,1099
"142",2018,9600,9600,734,0.0764583333333333,8866,0,0,0,9600,0,0,595,139,"MFS","10","80","W2",139,595
"143",2018,9600,7002,1356,0.14125,8244,0,0,9600,0,1099,257,0,0,"MFS","20","40","1099",257,1099
"144",2018,9600,9600,734,0.0764583333333333,8866,0,0,0,9600,0,0,595,139,"MFS","20","40","W2",139,595
"145",2018,12000,8752,1695,0.14125,10305,0,0,12000,0,1374,321,0,0,"MFS","10","100","1099",321,1374
"146",2018,12000,12000,955,0.0795833333333333,11045,0,37,0,12000,0,0,744,174,"MFS","10","100","W2",174,744
"147",2018,14400,10503,2042,0.141805555555556,12358,0,7,14400,0,1649,386,0,0,"MFS","10","120","1099",386,1649
"148",2018,14400,14400,1427,0.0990972222222222,12973,240,85,0,14400,0,0,893,209,"MFS","10","120","W2",209,893
"149",2018,14400,10503,2042,0.141805555555556,12358,0,7,14400,0,1649,386,0,0,"MFS","20","60","1099",386,1649
"150",2018,14400,14400,1427,0.0990972222222222,12973,240,85,0,14400,0,0,893,209,"MFS","20","60","W2",209,893
"151",2018,14400,10503,2042,0.141805555555556,12358,0,7,14400,0,1649,386,0,0,"MFS","30","40","1099",386,1649
"152",2018,14400,14400,1427,0.0990972222222222,12973,240,85,0,14400,0,0,893,209,"MFS","30","40","W2",209,893
"153",2018,16800,12253,2441,0.145297619047619,14359,25,42,16800,0,1924,450,0,0,"MFS","10","140","1099",450,1924
"154",2018,16800,16800,1899,0.113035714285714,14901,480,133,0,16800,0,0,1042,244,"MFS","10","140","W2",244,1042
"155",2018,19200,14004,2990,0.155729166666667,16210,200,77,19200,0,2199,514,0,0,"MFS","10","160","1099",514,2199
"156",2018,19200,19200,2369,0.123385416666667,16831,720,181,0,19200,0,0,1190,278,"MFS","10","160","W2",278,1190
"157",2018,19200,14004,2990,0.155729166666667,16210,200,77,19200,0,2199,514,0,0,"MFS","20","80","1099",514,2199
"158",2018,19200,19200,2369,0.123385416666667,16831,720,181,0,19200,0,0,1190,278,"MFS","20","80","W2",278,1190
"159",2018,19200,14004,2990,0.155729166666667,16210,200,77,19200,0,2199,514,0,0,"MFS","40","40","1099",514,2199
"160",2018,19200,19200,2369,0.123385416666667,16831,720,181,0,19200,0,0,1190,278,"MFS","40","40","W2",278,1190
"161",2018,21600,15754,3539,0.163842592592593,18061,375,112,21600,0,2474,578,0,0,"MFS","30","60","1099",578,2474
"162",2018,21600,21600,2869,0.132824074074074,18731,962,255,0,21600,0,0,1339,313,"MFS","30","60","W2",313,1339
"163",2018,24000,17504,4088,0.170333333333333,19912,550,147,24000,0,2748,643,0,0,"MFS","20","100","1099",643,2748
"164",2018,24000,24000,3437,0.143208333333333,20563,1250,351,0,24000,0,0,1488,348,"MFS","20","100","W2",348,1488
"165",2018,24000,17504,4088,0.170333333333333,19912,550,147,24000,0,2748,643,0,0,"MFS","50","40","1099",643,2748
"166",2018,24000,24000,3437,0.143208333333333,20563,1250,351,0,24000,0,0,1488,348,"MFS","50","40","W2",348,1488
"167",2018,28800,21005,5202,0.180625,23598,901,232,28800,0,3298,771,0,0,"MFS","20","120","1099",771,3298
"168",2018,28800,28800,4573,0.158784722222222,24227,1826,543,0,28800,0,0,1786,418,"MFS","20","120","W2",418,1786
"169",2018,28800,21005,5202,0.180625,23598,901,232,28800,0,3298,771,0,0,"MFS","30","80","1099",771,3298
"170",2018,28800,28800,4573,0.158784722222222,24227,1826,543,0,28800,0,0,1786,418,"MFS","30","80","W2",418,1786
"171",2018,28800,21005,5202,0.180625,23598,901,232,28800,0,3298,771,0,0,"MFS","40","60","1099",771,3298
"172",2018,28800,28800,4573,0.158784722222222,24227,1826,543,0,28800,0,0,1786,418,"MFS","40","60","W2",418,1786
"173",2018,28800,21005,5202,0.180625,23598,901,232,28800,0,3298,771,0,0,"MFS","60","40","1099",771,3298
"174",2018,28800,28800,4573,0.158784722222222,24227,1826,543,0,28800,0,0,1786,418,"MFS","60","40","W2",418,1786
"175",2018,32400,23631,6120,0.188888888888889,26280,1205,337,32400,0,3710,868,0,0,"MFS","30","90","1099",868,3710
"176",2018,32400,32400,5433,0.167685185185185,26967,2258,696,0,32400,0,0,2009,470,"MFS","30","90","W2",470,2009
"177",2018,33600,24506,6430,0.191369047619048,27170,1310,372,33600,0,3848,900,0,0,"MFS","20","140","1099",900,3848
"178",2018,33600,33600,5740,0.170833333333333,27860,2402,768,0,33600,0,0,2083,487,"MFS","20","140","W2",487,2083
"179",2018,33600,24506,6430,0.191369047619048,27170,1310,372,33600,0,3848,900,0,0,"MFS","70","40","1099",900,3848
"180",2018,33600,33600,5740,0.170833333333333,27860,2402,768,0,33600,0,0,2083,487,"MFS","70","40","W2",487,2083
"181",2018,36000,26257,7049,0.195805555555556,28951,1520,442,36000,0,4123,964,0,0,"MFS","30","100","1099",964,4123
"182",2018,36000,36000,6356,0.176555555555556,29644,2690,912,0,36000,0,0,2232,522,"MFS","30","100","W2",522,2232
"183",2018,36000,26257,7049,0.195805555555556,28951,1520,442,36000,0,4123,964,0,0,"MFS","50","60","1099",964,4123
"184",2018,36000,36000,6356,0.176555555555556,29644,2690,912,0,36000,0,0,2232,522,"MFS","50","60","W2",522,2232
"185",2018,38400,28007,7667,0.199661458333333,30733,1730,512,38400,0,4397,1028,0,0,"MFS","20","160","1099",1028,4397
"186",2018,38400,38400,6972,0.1815625,31428,2978,1056,0,38400,0,0,2381,557,"MFS","20","160","W2",557,2381
"187",2018,38400,28007,7667,0.199661458333333,30733,1730,512,38400,0,4397,1028,0,0,"MFS","40","80","1099",1028,4397
"188",2018,38400,38400,6972,0.1815625,31428,2978,1056,0,38400,0,0,2381,557,"MFS","40","80","W2",557,2381
"189",2018,38400,28007,7667,0.199661458333333,30733,1730,512,38400,0,4397,1028,0,0,"MFS","80","40","1099",1028,4397
"190",2018,38400,38400,6972,0.1815625,31428,2978,1056,0,38400,0,0,2381,557,"MFS","80","40","W2",557,2381
"191",2018,39600,28882,7978,0.201464646464646,31622,1835,547,39600,0,4535,1061,0,0,"MFS","30","110","1099",1061,4535
"192",2018,39600,39600,7279,0.183813131313131,32321,3122,1128,0,39600,0,0,2455,574,"MFS","30","110","W2",574,2455
"193",2018,43200,31508,8906,0.206157407407407,34294,2150,652,43200,0,4947,1157,0,0,"MFS","30","120","1099",1157,4947
"194",2018,43200,43200,8202,0.189861111111111,34998,3554,1344,0,43200,0,0,2678,626,"MFS","30","120","W2",626,2678
"195",2018,43200,31508,8906,0.206157407407407,34294,2150,652,43200,0,4947,1157,0,0,"MFS","60","60","1099",1157,4947
"196",2018,43200,43200,8202,0.189861111111111,34998,3554,1344,0,43200,0,0,2678,626,"MFS","60","60","W2",626,2678
"197",2018,46800,34134,9878,0.211068376068376,36922,2466,800,46800,0,5359,1253,0,0,"MFS","30","130","1099",1253,5359
"198",2018,46800,46800,9176,0.196068376068376,37624,3986,1609,0,46800,0,0,2902,679,"MFS","30","130","W2",679,2902
"199",2018,48000,35009,10207,0.212645833333333,37793,2571,853,48000,0,5497,1286,0,0,"MFS","40","100","1099",1286,5497
"200",2018,48000,48000,9507,0.1980625,38493,4130,1705,0,48000,0,0,2976,696,"MFS","40","100","W2",696,2976
"201",2018,48000,35009,10207,0.212645833333333,37793,2571,853,48000,0,5497,1286,0,0,"MFS","50","80","1099",1286,5497
"202",2018,48000,48000,9507,0.1980625,38493,4130,1705,0,48000,0,0,2976,696,"MFS","50","80","W2",696,2976
"203",2018,50400,36759,10861,0.215496031746032,39539,2781,958,50400,0,5772,1350,0,0,"MFS","30","140","1099",1350,5772
"204",2018,50400,50400,10171,0.201805555555556,40229,4418,1897,0,50400,0,0,3125,731,"MFS","30","140","W2",731,3125
"205",2018,50400,36759,10861,0.215496031746032,39539,2781,958,50400,0,5772,1350,0,0,"MFS","70","60","1099",1350,5772
"206",2018,50400,50400,10171,0.201805555555556,40229,4418,1897,0,50400,0,0,3125,731,"MFS","70","60","W2",731,3125
"207",2018,54000,39385,11841,0.219277777777778,42159,3096,1115,54000,0,6184,1446,0,0,"MFS","30","150","1099",1446,6184
"208",2018,54000,54000,11496,0.212888888888889,42504,5180,2185,0,54000,0,0,3348,783,"MFS","30","150","W2",783,3348
"209",2018,54000,39385,11841,0.219277777777778,42159,3096,1115,54000,0,6184,1446,0,0,"MFS","50","90","1099",1446,6184
"210",2018,54000,54000,11496,0.212888888888889,42504,5180,2185,0,54000,0,0,3348,783,"MFS","50","90","W2",783,3348
"211",2018,57600,42011,12823,0.222621527777778,44777,3411,1273,57600,0,6596,1543,0,0,"MFS","30","160","1099",1543,6596
"212",2018,57600,57600,12870,0.2234375,44730,5972,2492,0,57600,0,0,3571,835,"MFS","30","160","W2",835,3571
"213",2018,57600,42011,12823,0.222621527777778,44777,3411,1273,57600,0,6596,1543,0,0,"MFS","40","120","1099",1543,6596
"214",2018,57600,57600,12870,0.2234375,44730,5972,2492,0,57600,0,0,3571,835,"MFS","40","120","W2",835,3571
"215",2018,57600,42011,12823,0.222621527777778,44777,3411,1273,57600,0,6596,1543,0,0,"MFS","60","80","1099",1543,6596
"216",2018,57600,57600,12870,0.2234375,44730,5972,2492,0,57600,0,0,3571,835,"MFS","60","80","W2",835,3571
"217",2018,57600,42011,12823,0.222621527777778,44777,3411,1273,57600,0,6596,1543,0,0,"MFS","80","60","1099",1543,6596
"218",2018,57600,57600,12870,0.2234375,44730,5972,2492,0,57600,0,0,3571,835,"MFS","80","60","W2",835,3571
"219",2018,60000,43761,13477,0.224616666666667,46523,3621,1378,60000,0,6871,1607,0,0,"MFS","50","100","1099",1607,6871
"220",2018,60000,60000,13805,0.230083333333333,46195,6500,2715,0,60000,0,0,3720,870,"MFS","50","100","W2",870,3720
"221",2018,66000,48137,15188,0.230121212121212,50812,4146,1716,66000,0,7558,1768,0,0,"MFS","50","110","1099",1768,7558
"222",2018,66000,66000,16142,0.244575757575758,49858,7820,3273,0,66000,0,0,4092,957,"MFS","50","110","W2",957,4092
"223",2018,67200,49012,15532,0.231130952380952,51668,4251,1786,67200,0,7695,1800,0,0,"MFS","40","140","1099",1800,7695
"224",2018,67200,67200,16609,0.247157738095238,50591,8084,3385,0,67200,0,0,4166,974,"MFS","40","140","W2",974,4166
"225",2018,67200,49012,15532,0.231130952380952,51668,4251,1786,67200,0,7695,1800,0,0,"MFS","70","80","1099",1800,7695
"226",2018,67200,67200,16609,0.247157738095238,50591,8084,3385,0,67200,0,0,4166,974,"MFS","70","80","W2",974,4166
"227",2018,72000,52513,17091,0.237375,54909,4852,2066,72000,0,8245,1928,0,0,"MFS","50","120","1099",1928,8245
"228",2018,72000,72000,18479,0.256652777777778,53521,9140,3831,0,72000,0,0,4464,1044,"MFS","50","120","W2",1044,4464
"229",2018,72000,52513,17091,0.237375,54909,4852,2066,72000,0,8245,1928,0,0,"MFS","60","100","1099",1928,8245
"230",2018,72000,72000,18479,0.256652777777778,53521,9140,3831,0,72000,0,0,4464,1044,"MFS","60","100","W2",1044,4464
"231",2018,75600,55139,18388,0.243227513227513,57212,5430,2276,75600,0,8657,2025,0,0,"MFS","70","90","1099",2025,8657
"232",2018,75600,75600,19881,0.26297619047619,55719,9932,4166,0,75600,0,0,4687,1096,"MFS","70","90","W2",1096,4687
"233",2018,76800,56014,18821,0.245065104166667,57979,5623,2346,76800,0,8795,2057,0,0,"MFS","40","160","1099",2057,8795
"234",2018,76800,76800,20350,0.264973958333333,56450,10196,4278,0,76800,0,0,4762,1114,"MFS","40","160","W2",1114,4762
"235",2018,76800,56014,18821,0.245065104166667,57979,5623,2346,76800,0,8795,2057,0,0,"MFS","80","80","1099",2057,8795
"236",2018,76800,76800,20350,0.264973958333333,56450,10196,4278,0,76800,0,0,4762,1114,"MFS","80","80","W2",1114,4762
"237",2018,78000,56889,19262,0.246948717948718,58738,5815,2426,78000,0,8932,2089,0,0,"MFS","50","130","1099",2089,8932
"238",2018,78000,78000,20816,0.266871794871795,57184,10460,4389,0,78000,0,0,4836,1131,"MFS","50","130","W2",1131,4836
"239",2018,84000,61266,21480,0.255714285714286,62520,6778,2833,84000,0,9619,2250,0,0,"MFS","50","140","1099",2250,9619
"240",2018,84000,84000,23153,0.275630952380952,60847,11780,4947,0,84000,0,0,5208,1218,"MFS","50","140","W2",1218,5208
"241",2018,84000,61266,21480,0.255714285714286,62520,6778,2833,84000,0,9619,2250,0,0,"MFS","70","100","1099",2250,9619
"242",2018,84000,84000,23153,0.275630952380952,60847,11780,4947,0,84000,0,0,5208,1218,"MFS","70","100","W2",1218,5208
"243",2018,86400,63016,22367,0.258877314814815,64033,7163,2996,86400,0,9894,2314,0,0,"MFS","60","120","1099",2314,9894
"244",2018,86400,86400,24089,0.27880787037037,62311,12308,5171,0,86400,0,0,5357,1253,"MFS","60","120","W2",1253,5357
"245",2018,90000,65642,23697,0.2633,66303,7741,3240,90000,0,10306,2410,0,0,"MFS","50","150","1099",2410,10306
"246",2018,90000,90000,25490,0.283222222222222,64510,13100,5505,0,90000,0,0,5580,1305,"MFS","50","150","W2",1305,5580
"247",2018,92400,67392,24585,0.266071428571429,67815,8126,3403,92400,0,10581,2475,0,0,"MFS","70","110","1099",2475,10581
"248",2018,92400,92400,26426,0.285995670995671,65974,13628,5729,0,92400,0,0,5729,1340,"MFS","70","110","W2",1340,5729
"249",2018,96000,70018,25914,0.2699375,70086,8703,3647,96000,0,10993,2571,0,0,"MFS","50","160","1099",2571,10993
"250",2018,96000,96000,27857,0.290177083333333,68143,14450,6063,0,96000,0,0,5952,1392,"MFS","50","160","W2",1392,5952
"251",2018,96000,70018,25914,0.2699375,70086,8703,3647,96000,0,10993,2571,0,0,"MFS","80","100","1099",2571,10993
"252",2018,96000,96000,27857,0.290177083333333,68143,14450,6063,0,96000,0,0,5952,1392,"MFS","80","100","W2",1392,5952
"253",2018,100800,73519,27690,0.274702380952381,73110,9474,3973,100800,0,11543,2700,0,0,"MFS","60","140","1099",2700,11543
"254",2018,100800,100800,29824,0.295873015873016,70976,15602,6510,0,100800,0,0,6250,1462,"MFS","60","140","W2",1462,6250
"255",2018,100800,73519,27690,0.274702380952381,73110,9474,3973,100800,0,11543,2700,0,0,"MFS","70","120","1099",2700,11543
"256",2018,100800,100800,29824,0.295873015873016,70976,15602,6510,0,100800,0,0,6250,1462,"MFS","70","120","W2",1462,6250
"257",2018,109200,79645,30793,0.281987179487179,78407,10821,4542,109200,0,12505,2925,0,0,"MFS","70","130","1099",2925,12505
"258",2018,109200,109200,33262,0.30459706959707,75938,17618,7291,0,109200,0,0,6770,1583,"MFS","70","130","W2",1583,6770
"259",2018,115200,84021,33010,0.286545138888889,82190,11784,4949,115200,0,13192,3085,0,0,"MFS","60","160","1099",3085,13192
"260",2018,115200,115200,35719,0.310060763888889,79481,19058,7849,0,115200,0,0,7142,1670,"MFS","60","160","W2",1670,7142
"261",2018,115200,84021,33010,0.286545138888889,82190,11784,4949,115200,0,13192,3085,0,0,"MFS","80","120","1099",3085,13192
"262",2018,115200,115200,35719,0.310060763888889,79481,19058,7849,0,115200,0,0,7142,1670,"MFS","80","120","W2",1670,7142
"263",2018,117600,85772,33898,0.288248299319728,83702,12169,5112,117600,0,13467,3150,0,0,"MFS","70","140","1099",3150,13467
"264",2018,117600,117600,36702,0.312091836734694,80898,19634,8072,0,117600,0,0,7291,1705,"MFS","70","140","W2",1705,7291
"265",2018,126000,91898,37002,0.293666666666667,88998,13517,5682,126000,0,14429,3374,0,0,"MFS","70","150","1099",3374,14429
"266",2018,126000,126000,40142,0.318587301587302,85858,21650,8853,0,126000,0,0,7812,1827,"MFS","70","150","W2",1827,7812
"267",2018,134400,98368,39605,0.29468005952381,94795,15018,6284,134400,0,14704,3599,0,0,"MFS","70","160","1099",3599,14704
"268",2018,134400,134400,43211,0.321510416666667,91189,23666,9635,0,134400,0,0,7961,1949,"MFS","70","160","W2",1949,7961
"269",2018,134400,98368,39605,0.29468005952381,94795,15018,6284,134400,0,14704,3599,0,0,"MFS","80","140","1099",3599,14704
"270",2018,134400,134400,43211,0.321510416666667,91189,23666,9635,0,134400,0,0,7961,1949,"MFS","80","140","W2",1949,7961
"271",2018,153600,113471,45149,0.293938802083333,108451,18643,7688,153600,0,14704,4114,0,0,"MFS","80","160","1099",4114,14704
"272",2018,153600,153600,49882,0.324752604166667,103718,28274,11420,0,153600,0,0,7961,2227,"MFS","80","160","W2",2227,7961
"273",2018,4800,3501,679,0.141458333333333,4121,0,0,4800,0,550,129,0,0,"S","10","40","1099",129,550
"274",2018,4800,4800,368,0.0766666666666667,4432,0,0,0,4800,0,0,298,70,"S","10","40","W2",70,298
"275",2018,7200,5251,1018,0.141388888888889,6182,0,0,7200,0,825,193,0,0,"S","10","60","1099",193,825
"276",2018,7200,7200,550,0.0763888888888889,6650,0,0,0,7200,0,0,446,104,"S","10","60","W2",104,446
"277",2018,9600,7002,1356,0.14125,8244,0,0,9600,0,1099,257,0,0,"S","10","80","1099",257,1099
"278",2018,9600,9600,734,0.0764583333333333,8866,0,0,0,9600,0,0,595,139,"S","10","80","W2",139,595
"279",2018,9600,7002,1356,0.14125,8244,0,0,9600,0,1099,257,0,0,"S","20","40","1099",257,1099
"280",2018,9600,9600,734,0.0764583333333333,8866,0,0,0,9600,0,0,595,139,"S","20","40","W2",139,595
"281",2018,12000,8752,1695,0.14125,10305,0,0,12000,0,1374,321,0,0,"S","10","100","1099",321,1374
"282",2018,12000,12000,955,0.0795833333333333,11045,0,37,0,12000,0,0,744,174,"S","10","100","W2",174,744
"283",2018,14400,10503,2042,0.141805555555556,12358,0,7,14400,0,1649,386,0,0,"S","10","120","1099",386,1649
"284",2018,14400,14400,1427,0.0990972222222222,12973,240,85,0,14400,0,0,893,209,"S","10","120","W2",209,893
"285",2018,14400,10503,2042,0.141805555555556,12358,0,7,14400,0,1649,386,0,0,"S","20","60","1099",386,1649
"286",2018,14400,14400,1427,0.0990972222222222,12973,240,85,0,14400,0,0,893,209,"S","20","60","W2",209,893
"287",2018,14400,10503,2042,0.141805555555556,12358,0,7,14400,0,1649,386,0,0,"S","30","40","1099",386,1649
"288",2018,14400,14400,1427,0.0990972222222222,12973,240,85,0,14400,0,0,893,209,"S","30","40","W2",209,893
"289",2018,16800,12253,2441,0.145297619047619,14359,25,42,16800,0,1924,450,0,0,"S","10","140","1099",450,1924
"290",2018,16800,16800,1899,0.113035714285714,14901,480,133,0,16800,0,0,1042,244,"S","10","140","W2",244,1042
"291",2018,19200,14004,2990,0.155729166666667,16210,200,77,19200,0,2199,514,0,0,"S","10","160","1099",514,2199
"292",2018,19200,19200,2369,0.123385416666667,16831,720,181,0,19200,0,0,1190,278,"S","10","160","W2",278,1190
"293",2018,19200,14004,2990,0.155729166666667,16210,200,77,19200,0,2199,514,0,0,"S","20","80","1099",514,2199
"294",2018,19200,19200,2369,0.123385416666667,16831,720,181,0,19200,0,0,1190,278,"S","20","80","W2",278,1190
"295",2018,19200,14004,2990,0.155729166666667,16210,200,77,19200,0,2199,514,0,0,"S","40","40","1099",514,2199
"296",2018,19200,19200,2369,0.123385416666667,16831,720,181,0,19200,0,0,1190,278,"S","40","40","W2",278,1190
"297",2018,21600,15754,3539,0.163842592592593,18061,375,112,21600,0,2474,578,0,0,"S","30","60","1099",578,2474
"298",2018,21600,21600,2869,0.132824074074074,18731,962,255,0,21600,0,0,1339,313,"S","30","60","W2",313,1339
"299",2018,24000,17504,4088,0.170333333333333,19912,550,147,24000,0,2748,643,0,0,"S","20","100","1099",643,2748
"300",2018,24000,24000,3437,0.143208333333333,20563,1250,351,0,24000,0,0,1488,348,"S","20","100","W2",348,1488
"301",2018,24000,17504,4088,0.170333333333333,19912,550,147,24000,0,2748,643,0,0,"S","50","40","1099",643,2748
"302",2018,24000,24000,3437,0.143208333333333,20563,1250,351,0,24000,0,0,1488,348,"S","50","40","W2",348,1488
"303",2018,28800,21005,5202,0.180625,23598,901,232,28800,0,3298,771,0,0,"S","20","120","1099",771,3298
"304",2018,28800,28800,4573,0.158784722222222,24227,1826,543,0,28800,0,0,1786,418,"S","20","120","W2",418,1786
"305",2018,28800,21005,5202,0.180625,23598,901,232,28800,0,3298,771,0,0,"S","30","80","1099",771,3298
"306",2018,28800,28800,4573,0.158784722222222,24227,1826,543,0,28800,0,0,1786,418,"S","30","80","W2",418,1786
"307",2018,28800,21005,5202,0.180625,23598,901,232,28800,0,3298,771,0,0,"S","40","60","1099",771,3298
"308",2018,28800,28800,4573,0.158784722222222,24227,1826,543,0,28800,0,0,1786,418,"S","40","60","W2",418,1786
"309",2018,28800,21005,5202,0.180625,23598,901,232,28800,0,3298,771,0,0,"S","60","40","1099",771,3298
"310",2018,28800,28800,4573,0.158784722222222,24227,1826,543,0,28800,0,0,1786,418,"S","60","40","W2",418,1786
"311",2018,32400,23631,6120,0.188888888888889,26280,1205,337,32400,0,3710,868,0,0,"S","30","90","1099",868,3710
"312",2018,32400,32400,5433,0.167685185185185,26967,2258,696,0,32400,0,0,2009,470,"S","30","90","W2",470,2009
"313",2018,33600,24506,6430,0.191369047619048,27170,1310,372,33600,0,3848,900,0,0,"S","20","140","1099",900,3848
"314",2018,33600,33600,5740,0.170833333333333,27860,2402,768,0,33600,0,0,2083,487,"S","20","140","W2",487,2083
"315",2018,33600,24506,6430,0.191369047619048,27170,1310,372,33600,0,3848,900,0,0,"S","70","40","1099",900,3848
"316",2018,33600,33600,5740,0.170833333333333,27860,2402,768,0,33600,0,0,2083,487,"S","70","40","W2",487,2083
"317",2018,36000,26257,7049,0.195805555555556,28951,1520,442,36000,0,4123,964,0,0,"S","30","100","1099",964,4123
"318",2018,36000,36000,6356,0.176555555555556,29644,2690,912,0,36000,0,0,2232,522,"S","30","100","W2",522,2232
"319",2018,36000,26257,7049,0.195805555555556,28951,1520,442,36000,0,4123,964,0,0,"S","50","60","1099",964,4123
"320",2018,36000,36000,6356,0.176555555555556,29644,2690,912,0,36000,0,0,2232,522,"S","50","60","W2",522,2232
"321",2018,38400,28007,7667,0.199661458333333,30733,1730,512,38400,0,4397,1028,0,0,"S","20","160","1099",1028,4397
"322",2018,38400,38400,6972,0.1815625,31428,2978,1056,0,38400,0,0,2381,557,"S","20","160","W2",557,2381
"323",2018,38400,28007,7667,0.199661458333333,30733,1730,512,38400,0,4397,1028,0,0,"S","40","80","1099",1028,4397
"324",2018,38400,38400,6972,0.1815625,31428,2978,1056,0,38400,0,0,2381,557,"S","40","80","W2",557,2381
"325",2018,38400,28007,7667,0.199661458333333,30733,1730,512,38400,0,4397,1028,0,0,"S","80","40","1099",1028,4397
"326",2018,38400,38400,6972,0.1815625,31428,2978,1056,0,38400,0,0,2381,557,"S","80","40","W2",557,2381
"327",2018,39600,28882,7978,0.201464646464646,31622,1835,547,39600,0,4535,1061,0,0,"S","30","110","1099",1061,4535
"328",2018,39600,39600,7279,0.183813131313131,32321,3122,1128,0,39600,0,0,2455,574,"S","30","110","W2",574,2455
"329",2018,43200,31508,8906,0.206157407407407,34294,2150,652,43200,0,4947,1157,0,0,"S","30","120","1099",1157,4947
"330",2018,43200,43200,8202,0.189861111111111,34998,3554,1344,0,43200,0,0,2678,626,"S","30","120","W2",626,2678
"331",2018,43200,31508,8906,0.206157407407407,34294,2150,652,43200,0,4947,1157,0,0,"S","60","60","1099",1157,4947
"332",2018,43200,43200,8202,0.189861111111111,34998,3554,1344,0,43200,0,0,2678,626,"S","60","60","W2",626,2678
"333",2018,46800,34134,9878,0.211068376068376,36922,2466,800,46800,0,5359,1253,0,0,"S","30","130","1099",1253,5359
"334",2018,46800,46800,9176,0.196068376068376,37624,3986,1609,0,46800,0,0,2902,679,"S","30","130","W2",679,2902
"335",2018,48000,35009,10207,0.212645833333333,37793,2571,853,48000,0,5497,1286,0,0,"S","40","100","1099",1286,5497
"336",2018,48000,48000,9507,0.1980625,38493,4130,1705,0,48000,0,0,2976,696,"S","40","100","W2",696,2976
"337",2018,48000,35009,10207,0.212645833333333,37793,2571,853,48000,0,5497,1286,0,0,"S","50","80","1099",1286,5497
"338",2018,48000,48000,9507,0.1980625,38493,4130,1705,0,48000,0,0,2976,696,"S","50","80","W2",696,2976
"339",2018,50400,36759,10861,0.215496031746032,39539,2781,958,50400,0,5772,1350,0,0,"S","30","140","1099",1350,5772
"340",2018,50400,50400,10171,0.201805555555556,40229,4418,1897,0,50400,0,0,3125,731,"S","30","140","W2",731,3125
"341",2018,50400,36759,10861,0.215496031746032,39539,2781,958,50400,0,5772,1350,0,0,"S","70","60","1099",1350,5772
"342",2018,50400,50400,10171,0.201805555555556,40229,4418,1897,0,50400,0,0,3125,731,"S","70","60","W2",731,3125
"343",2018,54000,39385,11841,0.219277777777778,42159,3096,1115,54000,0,6184,1446,0,0,"S","30","150","1099",1446,6184
"344",2018,54000,54000,11496,0.212888888888889,42504,5180,2185,0,54000,0,0,3348,783,"S","30","150","W2",783,3348
"345",2018,54000,39385,11841,0.219277777777778,42159,3096,1115,54000,0,6184,1446,0,0,"S","50","90","1099",1446,6184
"346",2018,54000,54000,11496,0.212888888888889,42504,5180,2185,0,54000,0,0,3348,783,"S","50","90","W2",783,3348
"347",2018,57600,42011,12823,0.222621527777778,44777,3411,1273,57600,0,6596,1543,0,0,"S","30","160","1099",1543,6596
"348",2018,57600,57600,12870,0.2234375,44730,5972,2492,0,57600,0,0,3571,835,"S","30","160","W2",835,3571
"349",2018,57600,42011,12823,0.222621527777778,44777,3411,1273,57600,0,6596,1543,0,0,"S","40","120","1099",1543,6596
"350",2018,57600,57600,12870,0.2234375,44730,5972,2492,0,57600,0,0,3571,835,"S","40","120","W2",835,3571
"351",2018,57600,42011,12823,0.222621527777778,44777,3411,1273,57600,0,6596,1543,0,0,"S","60","80","1099",1543,6596
"352",2018,57600,57600,12870,0.2234375,44730,5972,2492,0,57600,0,0,3571,835,"S","60","80","W2",835,3571
"353",2018,57600,42011,12823,0.222621527777778,44777,3411,1273,57600,0,6596,1543,0,0,"S","80","60","1099",1543,6596
"354",2018,57600,57600,12870,0.2234375,44730,5972,2492,0,57600,0,0,3571,835,"S","80","60","W2",835,3571
"355",2018,60000,43761,13477,0.224616666666667,46523,3621,1378,60000,0,6871,1607,0,0,"S","50","100","1099",1607,6871
"356",2018,60000,60000,13805,0.230083333333333,46195,6500,2715,0,60000,0,0,3720,870,"S","50","100","W2",870,3720
"357",2018,66000,48137,15188,0.230121212121212,50812,4146,1716,66000,0,7558,1768,0,0,"S","50","110","1099",1768,7558
"358",2018,66000,66000,16142,0.244575757575758,49858,7820,3273,0,66000,0,0,4092,957,"S","50","110","W2",957,4092
"359",2018,67200,49012,15532,0.231130952380952,51668,4251,1786,67200,0,7695,1800,0,0,"S","40","140","1099",1800,7695
"360",2018,67200,67200,16609,0.247157738095238,50591,8084,3385,0,67200,0,0,4166,974,"S","40","140","W2",974,4166
"361",2018,67200,49012,15532,0.231130952380952,51668,4251,1786,67200,0,7695,1800,0,0,"S","70","80","1099",1800,7695
"362",2018,67200,67200,16609,0.247157738095238,50591,8084,3385,0,67200,0,0,4166,974,"S","70","80","W2",974,4166
"363",2018,72000,52513,17091,0.237375,54909,4852,2066,72000,0,8245,1928,0,0,"S","50","120","1099",1928,8245
"364",2018,72000,72000,18479,0.256652777777778,53521,9140,3831,0,72000,0,0,4464,1044,"S","50","120","W2",1044,4464
"365",2018,72000,52513,17091,0.237375,54909,4852,2066,72000,0,8245,1928,0,0,"S","60","100","1099",1928,8245
"366",2018,72000,72000,18479,0.256652777777778,53521,9140,3831,0,72000,0,0,4464,1044,"S","60","100","W2",1044,4464
"367",2018,75600,55139,18388,0.243227513227513,57212,5430,2276,75600,0,8657,2025,0,0,"S","70","90","1099",2025,8657
"368",2018,75600,75600,19881,0.26297619047619,55719,9932,4166,0,75600,0,0,4687,1096,"S","70","90","W2",1096,4687
"369",2018,76800,56014,18821,0.245065104166667,57979,5623,2346,76800,0,8795,2057,0,0,"S","40","160","1099",2057,8795
"370",2018,76800,76800,20350,0.264973958333333,56450,10196,4278,0,76800,0,0,4762,1114,"S","40","160","W2",1114,4762
"371",2018,76800,56014,18821,0.245065104166667,57979,5623,2346,76800,0,8795,2057,0,0,"S","80","80","1099",2057,8795
"372",2018,76800,76800,20350,0.264973958333333,56450,10196,4278,0,76800,0,0,4762,1114,"S","80","80","W2",1114,4762
"373",2018,78000,56889,19262,0.246948717948718,58738,5815,2426,78000,0,8932,2089,0,0,"S","50","130","1099",2089,8932
"374",2018,78000,78000,20816,0.266871794871795,57184,10460,4389,0,78000,0,0,4836,1131,"S","50","130","W2",1131,4836
"375",2018,84000,61266,21480,0.255714285714286,62520,6778,2833,84000,0,9619,2250,0,0,"S","50","140","1099",2250,9619
"376",2018,84000,84000,23153,0.275630952380952,60847,11780,4947,0,84000,0,0,5208,1218,"S","50","140","W2",1218,5208
"377",2018,84000,61266,21480,0.255714285714286,62520,6778,2833,84000,0,9619,2250,0,0,"S","70","100","1099",2250,9619
"378",2018,84000,84000,23153,0.275630952380952,60847,11780,4947,0,84000,0,0,5208,1218,"S","70","100","W2",1218,5208
"379",2018,86400,63016,22367,0.258877314814815,64033,7163,2996,86400,0,9894,2314,0,0,"S","60","120","1099",2314,9894
"380",2018,86400,86400,24089,0.27880787037037,62311,12308,5171,0,86400,0,0,5357,1253,"S","60","120","W2",1253,5357
"381",2018,90000,65642,23697,0.2633,66303,7741,3240,90000,0,10306,2410,0,0,"S","50","150","1099",2410,10306
"382",2018,90000,90000,25490,0.283222222222222,64510,13100,5505,0,90000,0,0,5580,1305,"S","50","150","W2",1305,5580
"383",2018,92400,67392,24585,0.266071428571429,67815,8126,3403,92400,0,10581,2475,0,0,"S","70","110","1099",2475,10581
"384",2018,92400,92400,26426,0.285995670995671,65974,13628,5729,0,92400,0,0,5729,1340,"S","70","110","W2",1340,5729
"385",2018,96000,70018,25914,0.2699375,70086,8703,3647,96000,0,10993,2571,0,0,"S","50","160","1099",2571,10993
"386",2018,96000,96000,27857,0.290177083333333,68143,14450,6063,0,96000,0,0,5952,1392,"S","50","160","W2",1392,5952
"387",2018,96000,70018,25914,0.2699375,70086,8703,3647,96000,0,10993,2571,0,0,"S","80","100","1099",2571,10993
"388",2018,96000,96000,27857,0.290177083333333,68143,14450,6063,0,96000,0,0,5952,1392,"S","80","100","W2",1392,5952
"389",2018,100800,73519,27690,0.274702380952381,73110,9474,3973,100800,0,11543,2700,0,0,"S","60","140","1099",2700,11543
"390",2018,100800,100800,29824,0.295873015873016,70976,15602,6510,0,100800,0,0,6250,1462,"S","60","140","W2",1462,6250
"391",2018,100800,73519,27690,0.274702380952381,73110,9474,3973,100800,0,11543,2700,0,0,"S","70","120","1099",2700,11543
"392",2018,100800,100800,29824,0.295873015873016,70976,15602,6510,0,100800,0,0,6250,1462,"S","70","120","W2",1462,6250
"393",2018,109200,79645,30793,0.281987179487179,78407,10821,4542,109200,0,12505,2925,0,0,"S","70","130","1099",2925,12505
"394",2018,109200,109200,33262,0.30459706959707,75938,17618,7291,0,109200,0,0,6770,1583,"S","70","130","W2",1583,6770
"395",2018,115200,84021,33010,0.286545138888889,82190,11784,4949,115200,0,13192,3085,0,0,"S","60","160","1099",3085,13192
"396",2018,115200,115200,35719,0.310060763888889,79481,19058,7849,0,115200,0,0,7142,1670,"S","60","160","W2",1670,7142
"397",2018,115200,84021,33010,0.286545138888889,82190,11784,4949,115200,0,13192,3085,0,0,"S","80","120","1099",3085,13192
"398",2018,115200,115200,35719,0.310060763888889,79481,19058,7849,0,115200,0,0,7142,1670,"S","80","120","W2",1670,7142
"399",2018,117600,85772,33898,0.288248299319728,83702,12169,5112,117600,0,13467,3150,0,0,"S","70","140","1099",3150,13467
"400",2018,117600,117600,36702,0.312091836734694,80898,19634,8072,0,117600,0,0,7291,1705,"S","70","140","W2",1705,7291
"401",2018,126000,91898,37002,0.293666666666667,88998,13517,5682,126000,0,14429,3374,0,0,"S","70","150","1099",3374,14429
"402",2018,126000,126000,40142,0.318587301587302,85858,21650,8853,0,126000,0,0,7812,1827,"S","70","150","W2",1827,7812
"403",2018,134400,98368,39605,0.29468005952381,94795,15018,6284,134400,0,14704,3599,0,0,"S","70","160","1099",3599,14704
"404",2018,134400,134400,43211,0.321510416666667,91189,23666,9635,0,134400,0,0,7961,1949,"S","70","160","W2",1949,7961
"405",2018,134400,98368,39605,0.29468005952381,94795,15018,6284,134400,0,14704,3599,0,0,"S","80","140","1099",3599,14704
"406",2018,134400,134400,43211,0.321510416666667,91189,23666,9635,0,134400,0,0,7961,1949,"S","80","140","W2",1949,7961
"407",2018,153600,113471,45149,0.293938802083333,108451,18643,7688,153600,0,14704,4114,0,0,"S","80","160","1099",4114,14704
"408",2018,153600,153600,49882,0.324752604166667,103718,28274,11420,0,153600,0,0,7961,2227,"S","80","160","W2",2227,7961
